{
  "acc_base_circle": 0.996999979019165,
  "acc_head_bubble_region": 0.0,
  "acc_full_global": 0.9696000218391418,
  "acc_full_bubble": 0.8644999861717224,
  "acc_lora_global": 0.9652000069618225,
  "acc_lora_bubble": 0.9235000014305115,
  "full_rank_dW": 10,
  "full_stable_rank_dW": 1.111531376838684,
  "lora_rank_dW": 2,
  "lora_stable_rank_dW": 1.0,
  "full_rot_rank_10d": 10,
  "full_rot_sr_10d": 1.2294888496398926,
  "lora_rot_rank_10d": 10,
  "lora_rot_sr_10d": 1.245029330253601,
  "full_rot_rank_2d": 2,
  "full_rot_sr_2d": 1.1368207931518555,
  "lora_rot_rank_2d": 2,
  "lora_rot_sr_2d": 1.1553971767425537,
  "full_gate_drift_pct": 40.27000069618225,
  "lora_gate_drift_pct": 43.181112408638,
  "base_line_crossings": 1.21875,
  "full_line_crossings": 1.21875,
  "lora_line_crossings": 1.125
}