{
    "full_ft": {
        "rank": 10,
        "stable_rank": 1.1590056419372559,
        "gate_drift": 0.6233000159263611,
        "adjacency_drift": 0.6394366197183099,
        "line_crossing": 1.1796875,
        "curvature": {
            "mean": 2.0281941341467142,
            "median": 2.249401092529297,
            "p90": 2.8146166801452637
        },
        "acc_bubble": 0.9369999766349792
    },
    "lora": {
        "rank": 2,
        "stable_rank": 1.0,
        "gate_drift": 0.5601555705070496,
        "adjacency_drift": 0.5076923076923077,
        "line_crossing": 1.1328125,
        "curvature": {
            "mean": 1.9753362433154984,
            "median": 2.229930877685547,
            "p90": 2.8779711723327637
        },
        "acc_bubble": 0.9317499995231628
    }
}