{
    "depth_1": {
        "full_ft": {
            "rank": 10,
            "stable_rank": 1.1280860900878906,
            "acc": 0.9075000286102295
        },
        "lora": {
            "rank": 2,
            "stable_rank": 1.0,
            "acc": 0.9762499928474426
        }
    },
    "depth_4": {
        "full_ft": {
            "rank": 10,
            "stable_rank": 1.2286120653152466,
            "acc": 1.0
        },
        "lora": {
            "rank": 2,
            "stable_rank": 1.0000001192092896,
            "acc": 0.9727500081062317
        }
    },
    "depth_8": {
        "full_ft": {
            "rank": 10,
            "stable_rank": 1.356331706047058,
            "acc": 0.9750000238418579
        },
        "lora": {
            "rank": 2,
            "stable_rank": 1.000003457069397,
            "acc": 0.9627500176429749
        }
    }
}